{
  "model_name": "vae",
  "ground_truth": "D:\\school\\uni\\sem 6\\cv\\traffic\\dataset\\appearance_ground_truth.csv",
  "threshold": 1.0,
  "total_samples": 600,
  "metrics": {
    "total": 600,
    "positives": 300,
    "negatives": 300,
    "true_positives": 153,
    "false_positives": 10,
    "false_negatives": 147,
    "true_negatives": 290,
    "precision": 0.9386503067484663,
    "recall": 0.51,
    "f1": 0.6609071274298056,
    "auroc": 0.8052777777777778,
    "auprc": 0.8490883562211772
  },
  "per_group": {
    "truck": {
      "total": 269,
      "positives": 145,
      "negatives": 124,
      "true_positives": 73,
      "false_positives": 5,
      "false_negatives": 72,
      "true_negatives": 119,
      "precision": 0.9358974358974359,
      "recall": 0.503448275862069,
      "f1": 0.6547085201793722,
      "auroc": 0.8180200222469411,
      "auprc": 0.856739392530306
    },
    "car": {
      "total": 254,
      "positives": 115,
      "negatives": 139,
      "true_positives": 56,
      "false_positives": 3,
      "false_negatives": 59,
      "true_negatives": 136,
      "precision": 0.9491525423728814,
      "recall": 0.48695652173913045,
      "f1": 0.6436781609195402,
      "auroc": 0.7344385361276196,
      "auprc": 0.7995011595810556
    },
    "bus": {
      "total": 77,
      "positives": 40,
      "negatives": 37,
      "true_positives": 24,
      "false_positives": 2,
      "false_negatives": 16,
      "true_negatives": 35,
      "precision": 0.9230769230769231,
      "recall": 0.6,
      "f1": 0.7272727272727274,
      "auroc": 0.9412162162162163,
      "auprc": 0.9412871213568494
    }
  }
}