{
  "generated_at": "2026-04-22T02:32:34",
  "models": [
    {
      "model_name": "ganomaly",
      "metrics": {
        "total": 600,
        "positives": 300,
        "negatives": 300,
        "true_positives": 226,
        "false_positives": 7,
        "false_negatives": 74,
        "true_negatives": 293,
        "precision": 0.9699570815450643,
        "recall": 0.7533333333333333,
        "f1": 0.848030018761726,
        "auroc": 0.9046555555555554,
        "auprc": 0.9356737442644512
      },
      "per_group": {
        "truck": {
          "total": 269,
          "positives": 145,
          "negatives": 124,
          "true_positives": 126,
          "false_positives": 4,
          "false_negatives": 19,
          "true_negatives": 120,
          "precision": 0.9692307692307692,
          "recall": 0.8689655172413793,
          "f1": 0.9163636363636363,
          "auroc": 0.9723025583982202,
          "auprc": 0.9803871744288901
        },
        "car": {
          "total": 254,
          "positives": 115,
          "negatives": 139,
          "true_positives": 70,
          "false_positives": 1,
          "false_negatives": 45,
          "true_negatives": 138,
          "precision": 0.9859154929577465,
          "recall": 0.6086956521739131,
          "f1": 0.7526881720430109,
          "auroc": 0.8012511729746638,
          "auprc": 0.84769953541036
        },
        "bus": {
          "total": 77,
          "positives": 40,
          "negatives": 37,
          "true_positives": 30,
          "false_positives": 2,
          "false_negatives": 10,
          "true_negatives": 35,
          "precision": 0.9375,
          "recall": 0.75,
          "f1": 0.8333333333333334,
          "auroc": 0.9817567567567569,
          "auprc": 0.9826197946969066
        }
      }
    },
    {
      "model_name": "vae",
      "metrics": {
        "total": 600,
        "positives": 300,
        "negatives": 300,
        "true_positives": 156,
        "false_positives": 12,
        "false_negatives": 144,
        "true_negatives": 288,
        "precision": 0.9285714285714286,
        "recall": 0.52,
        "f1": 0.6666666666666666,
        "auroc": 0.8033666666666668,
        "auprc": 0.8456932547322561
      },
      "per_group": {
        "truck": {
          "total": 269,
          "positives": 145,
          "negatives": 124,
          "true_positives": 77,
          "false_positives": 6,
          "false_negatives": 68,
          "true_negatives": 118,
          "precision": 0.927710843373494,
          "recall": 0.5310344827586206,
          "f1": 0.6754385964912281,
          "auroc": 0.8149610678531702,
          "auprc": 0.85080337468788
        },
        "car": {
          "total": 254,
          "positives": 115,
          "negatives": 139,
          "true_positives": 55,
          "false_positives": 3,
          "false_negatives": 60,
          "true_negatives": 136,
          "precision": 0.9482758620689655,
          "recall": 0.4782608695652174,
          "f1": 0.6358381502890172,
          "auroc": 0.7346887707225525,
          "auprc": 0.7995831243202391
        },
        "bus": {
          "total": 77,
          "positives": 40,
          "negatives": 37,
          "true_positives": 24,
          "false_positives": 3,
          "false_negatives": 16,
          "true_negatives": 34,
          "precision": 0.8888888888888888,
          "recall": 0.6,
          "f1": 0.7164179104477612,
          "auroc": 0.9425675675675675,
          "auprc": 0.9425226425923707
        }
      }
    }
  ]
}